model,rmse,mape_pct,r2
baseline_mean_lags3,441888466.69871116,3536.940355758985,-7774.148372023513
random_forest,477724596.12654495,3698.1762699886567,-8404.694865943262
linear_regression,533572108.8291225,3871.2366003651937,-9387.347119157805
